ID,Name,Email,DOB
USER-2025-000001,Michaela Johnson DDS,michaela.dds@company.com,2020-11-11
USER-2025-000002,Adrian Kim,adrian.kim@company.com,2020-03-11
USER-2025-000003,Christopher Brock DDS,christopher.dds@company.com,2024-11-20
USER-2025-000004,Kenneth Williams,kenneth.williams@company.com,2016-04-23
USER-2025-000005,Erika Benton,erika.benton@company.com,2024-02-01
USER-2025-000006,Mary Meyer,mary.meyer@company.com,2015-11-13
USER-2025-000007,Christy Taylor,christy.taylor@company.com,2020-06-22
USER-2025-000008,Rebecca Mitchell,rebecca.mitchell@company.com,2024-07-28
USER-2025-000009,Ricky Smith,ricky.smith@company.com,2018-09-10
USER-2025-000010,Jasmin Cooper,jasmin.cooper@company.com,2024-08-11
USER-2025-000011,Chad Robinson MD,chad.md@company.com,2020-02-03
USER-2025-000012,Mitchell Tanner,mitchell.tanner@company.com,2023-05-26
USER-2025-000013,Michelle Carter,michelle.carter@company.com,2019-02-08
USER-2025-000014,Daniel Medina,daniel.medina@company.com,2023-07-29
USER-2025-000015,Ann Pugh,ann.pugh@company.com,2022-11-17
USER-2025-000016,Jeffrey Dunlap,jeffrey.dunlap@company.com,2023-07-01
USER-2025-000017,Joseph Pierce,joseph.pierce@company.com,2024-02-03
USER-2025-000018,Zachary Wall,zachary.wall@company.com,2025-06-10
USER-2025-000019,John Mccoy,john.mccoy@company.com,2020-05-04
USER-2025-000020,Cassandra Roberson,cassandra.roberson@company.com,2024-08-28
USER-2025-000021,Donna Colon,donna.colon@company.com,2017-01-08
USER-2025-000022,Gary Williams,gary.williams@company.com,2022-10-03
USER-2025-000023,Joseph Brooks,joseph.brooks@company.com,2018-03-12
USER-2025-000024,Gina Howe,gina.howe@company.com,2015-08-15
USER-2025-000025,Erika Reed,erika.reed@company.com,2016-10-21
USER-2025-000026,Alicia Wilson,alicia.wilson@company.com,2016-04-28
USER-2025-000027,Monica Owens,monica.owens@company.com,2016-02-27
USER-2025-000028,Jacob Martin,jacob.martin@company.com,2020-05-26
USER-2025-000029,Mike George,mike.george@company.com,2018-11-04
USER-2025-000030,Brian Rose Jr.,brian.jr@company.com,2022-05-29
USER-2025-000031,Madison Kline,madison.kline@company.com,2021-02-03
USER-2025-000032,Deanna Vega,deanna.vega@company.com,2015-08-13
USER-2025-000033,Dr. Robert Bridges Jr.,dr.jr@company.com,2017-10-25
USER-2025-000034,Amanda Elliott,amanda.elliott@company.com,2023-11-08
USER-2025-000035,Stephen Leon,stephen.leon@company.com,2019-02-13
USER-2025-000036,Laura Gomez,laura.gomez@company.com,2025-01-16
USER-2025-000037,Samuel Kelly,samuel.kelly@company.com,2019-05-29
USER-2025-000038,Julie Jones,julie.jones@company.com,2024-07-12
USER-2025-000039,Rachel Buchanan,rachel.buchanan@company.com,2021-03-02
USER-2025-000040,William Santiago,william.santiago@company.com,2016-09-10
USER-2025-000041,Christian Smith,christian.smith@company.com,2022-03-13
USER-2025-000042,Eric Delacruz,eric.delacruz@company.com,2017-01-01
USER-2025-000043,Sheena Hunt,sheena.hunt@company.com,2025-02-07
USER-2025-000044,Michael Wilkerson,michael.wilkerson@company.com,2020-11-06
USER-2025-000045,Scott Edwards,scott.edwards@company.com,2021-04-09
USER-2025-000046,Christopher Ware,christopher.ware@company.com,2017-03-24
USER-2025-000047,Diana Austin DDS,diana.dds@company.com,2020-08-24
USER-2025-000048,James Thompson,james.thompson@company.com,2021-03-01
USER-2025-000049,Martin Murphy,martin.murphy@company.com,2023-04-11
USER-2025-000050,Paula Anderson,paula.anderson@company.com,2020-10-23
USER-2025-000051,Tamara Bond,tamara.bond@company.com,2018-04-13
USER-2025-000052,Kimberly Cox,kimberly.cox@company.com,2024-09-18
USER-2025-000053,Kevin Brown,kevin.brown@company.com,2020-11-21
USER-2025-000054,Paul Taylor,paul.taylor@company.com,2020-08-29
USER-2025-000055,Michael Marshall,michael.marshall@company.com,2016-06-04
USER-2025-000056,Matthew Shelton,matthew.shelton@company.com,2021-04-12
USER-2025-000057,Karen Foley,karen.foley@company.com,2015-09-06
USER-2025-000058,Tiffany Bond,tiffany.bond@company.com,2020-05-24
USER-2025-000059,Amber Macias,amber.macias@company.com,2018-08-03
USER-2025-000060,Gail Miller,gail.miller@company.com,2021-10-14
USER-2025-000061,Blake Hernandez,blake.hernandez@company.com,2023-11-30
USER-2025-000062,John Brooks,john.brooks@company.com,2017-06-02
USER-2025-000063,Troy Herrera,troy.herrera@company.com,2023-08-26
USER-2025-000064,John Phillips,john.phillips@company.com,2015-08-26
USER-2025-000065,Travis Rodriguez,travis.rodriguez@company.com,2016-04-16
USER-2025-000066,Brenda Coleman,brenda.coleman@company.com,2021-12-08
USER-2025-000067,Kim Hernandez,kim.hernandez@company.com,2019-09-18
USER-2025-000068,Patrick Carlson,patrick.carlson@company.com,2025-01-18
USER-2025-000069,Mary Gillespie,mary.gillespie@company.com,2019-07-28
USER-2025-000070,Monica Wright,monica.wright@company.com,2020-01-13
USER-2025-000071,Chelsea Dudley,chelsea.dudley@company.com,2023-06-01
USER-2025-000072,Haley Wilson,haley.wilson@company.com,2020-06-06
USER-2025-000073,Larry Gay,larry.gay@company.com,2018-06-03
USER-2025-000074,Kyle Summers,kyle.summers@company.com,2021-05-12
USER-2025-000075,Kelly Marshall,kelly.marshall@company.com,2021-01-07
USER-2025-000076,Matthew Wilson,matthew.wilson@company.com,2017-04-02
USER-2025-000077,William Johnson,william.johnson@company.com,2019-03-30
USER-2025-000078,Michael Powell,michael.powell@company.com,2020-08-16
USER-2025-000079,William Webster,william.webster@company.com,2020-10-13
USER-2025-000080,Katherine Ryan,katherine.ryan@company.com,2022-02-27
USER-2025-000081,Brittany Fletcher,brittany.fletcher@company.com,2021-12-21
USER-2025-000082,Kaitlin King,kaitlin.king@company.com,2015-12-31
USER-2025-000083,Robert Thompson,robert.thompson@company.com,2025-01-19
USER-2025-000084,Renee Fuller,renee.fuller@company.com,2018-11-01
USER-2025-000085,Tara Lewis,tara.lewis@company.com,2021-03-14
USER-2025-000086,Dr. Ashley Thomas,dr.thomas@company.com,2019-06-17
USER-2025-000087,Rhonda Thomas,rhonda.thomas@company.com,2018-11-25
USER-2025-000088,Stephen Nelson,stephen.nelson@company.com,2019-04-15
USER-2025-000089,Jennifer Johnson,jennifer.johnson@company.com,2024-02-28
USER-2025-000090,Angela Smith,angela.smith@company.com,2016-11-20
USER-2025-000091,Darren James,darren.james@company.com,2024-02-13
USER-2025-000092,Cheryl Daniel,cheryl.daniel@company.com,2024-11-12
USER-2025-000093,Cody Anderson,cody.anderson@company.com,2016-09-15
USER-2025-000094,Jesse Campbell,jesse.campbell@company.com,2025-06-14
USER-2025-000095,Nicole Romero,nicole.romero@company.com,2017-04-15
USER-2025-000096,Michelle Jones,michelle.jones@company.com,2016-04-14
USER-2025-000097,Samantha Tucker,samantha.tucker@company.com,2019-03-09
USER-2025-000098,Joel Medina,joel.medina@company.com,2021-12-11
USER-2025-000099,Timothy Branch,timothy.branch@company.com,2020-08-20
USER-2025-000100,Denise Faulkner,denise.faulkner@company.com,2016-06-17
USER-2025-000101,Jenna Garcia,jenna.garcia@company.com,2018-11-06
USER-2025-000102,Alyssa Bennett,alyssa.bennett@company.com,2020-05-02
USER-2025-000103,Micheal Duncan,micheal.duncan@company.com,2018-12-25
USER-2025-000104,Valerie Aguilar,valerie.aguilar@company.com,2017-03-19
USER-2025-000105,Edwin Garcia,edwin.garcia@company.com,2024-12-08
USER-2025-000106,Robert Martin,robert.martin@company.com,2022-11-30
USER-2025-000107,Anthony Ross,anthony.ross@company.com,2021-02-04
USER-2025-000108,Rita Chavez,rita.chavez@company.com,2024-11-19
USER-2025-000109,Sheila Morton,sheila.morton@company.com,2019-03-08
USER-2025-000110,Scott Patterson,scott.patterson@company.com,2024-11-09
USER-2025-000111,Rachel Porter,rachel.porter@company.com,2018-01-07
USER-2025-000112,Jesse Long,jesse.long@company.com,2023-10-11
USER-2025-000113,William Patterson,william.patterson@company.com,2016-02-13
USER-2025-000114,Eric Howe,eric.howe@company.com,2020-05-04
USER-2025-000115,Victor Lozano,victor.lozano@company.com,2015-10-10
USER-2025-000116,Bonnie Bennett,bonnie.bennett@company.com,2025-04-17
USER-2025-000117,Samuel Willis,samuel.willis@company.com,2021-06-27
USER-2025-000118,Kayla Alexander,kayla.alexander@company.com,2022-02-12
USER-2025-000119,Kyle Hunt,kyle.hunt@company.com,2020-01-26
USER-2025-000120,Kimberly Gonzalez,kimberly.gonzalez@company.com,2024-11-25
USER-2025-000121,Tiffany Roberts,tiffany.roberts@company.com,2017-08-26
USER-2025-000122,Raven Swanson,raven.swanson@company.com,2025-02-08
USER-2025-000123,Mike Brooks,mike.brooks@company.com,2019-04-30
USER-2025-000124,Aaron Carson,aaron.carson@company.com,2021-08-16
USER-2025-000125,Erin Brown,erin.brown@company.com,2024-10-11
USER-2025-000126,Joshua Pearson,joshua.pearson@company.com,2024-03-12
USER-2025-000127,Gregory Peck,gregory.peck@company.com,2023-08-15
USER-2025-000128,James Taylor,james.taylor@company.com,2024-06-15
USER-2025-000129,Marcus Howard,marcus.howard@company.com,2019-07-09
USER-2025-000130,Jennifer Scott,jennifer.scott@company.com,2021-09-09
USER-2025-000131,Richard Burke,richard.burke@company.com,2022-05-22
USER-2025-000132,Bobby Anderson,bobby.anderson@company.com,2020-07-02
USER-2025-000133,Whitney Russell,whitney.russell@company.com,2019-04-23
USER-2025-000134,Nathaniel Schwartz,nathaniel.schwartz@company.com,2021-05-02
USER-2025-000135,Shelby Hayes,shelby.hayes@company.com,2016-05-04
USER-2025-000136,Ashley Coleman,ashley.coleman@company.com,2024-05-02
USER-2025-000137,Greg Oliver,greg.oliver@company.com,2023-07-28
USER-2025-000138,Cheryl Griffith,cheryl.griffith@company.com,2021-04-08
USER-2025-000139,Kyle Mahoney,kyle.mahoney@company.com,2016-03-23
USER-2025-000140,Doris Evans,doris.evans@company.com,2022-11-11
USER-2025-000141,Jaclyn Williams,jaclyn.williams@company.com,2025-03-24
USER-2025-000142,Ashley Walker,ashley.walker@company.com,2019-04-19
USER-2025-000143,Jodi Mcneil,jodi.mcneil@company.com,2020-08-29
USER-2025-000144,Michael Alexander,michael.alexander@company.com,2023-09-21
USER-2025-000145,Cynthia Schmidt,cynthia.schmidt@company.com,2021-02-22
USER-2025-000146,Nicholas Cochran,nicholas.cochran@company.com,2016-03-02
USER-2025-000147,Arthur Mercer,arthur.mercer@company.com,2015-08-18
USER-2025-000148,Mark Jones,mark.jones@company.com,2023-10-06
USER-2025-000149,Austin Brown,austin.brown@company.com,2025-01-04
USER-2025-000150,Jared Wheeler,jared.wheeler@company.com,2018-11-26
USER-2025-000151,Daniel Jones,daniel.jones@company.com,2022-02-22
USER-2025-000152,Bruce Lucero,bruce.lucero@company.com,2020-02-11
USER-2025-000153,Brent Hawkins,brent.hawkins@company.com,2023-10-19
USER-2025-000154,Justin Ross,justin.ross@company.com,2025-02-04
USER-2025-000155,Justin Hughes,justin.hughes@company.com,2019-07-26
USER-2025-000156,Sean Ray,sean.ray@company.com,2022-01-14
USER-2025-000157,Cody York,cody.york@company.com,2022-12-13
USER-2025-000158,Kevin Schneider,kevin.schneider@company.com,2021-10-20
USER-2025-000159,Jason Vargas,jason.vargas@company.com,2017-11-18
USER-2025-000160,Angela Rodriguez,angela.rodriguez@company.com,2018-08-16
USER-2025-000161,Dr. Michelle Thornton,dr.thornton@company.com,2016-10-12
USER-2025-000162,Sylvia Farmer,sylvia.farmer@company.com,2020-01-15
USER-2025-000163,Carmen Carter,carmen.carter@company.com,2025-04-28
USER-2025-000164,Paul Hill,paul.hill@company.com,2019-08-04
USER-2025-000165,Adam Shepherd,adam.shepherd@company.com,2016-12-16
USER-2025-000166,Allen Jensen,allen.jensen@company.com,2017-10-27
USER-2025-000167,Thomas Brown,thomas.brown@company.com,2025-06-19
USER-2025-000168,Stephen Yates,stephen.yates@company.com,2017-05-09
USER-2025-000169,Juan Jenkins,juan.jenkins@company.com,2024-06-14
USER-2025-000170,Paul Gonzalez,paul.gonzalez@company.com,2023-08-25
USER-2025-000171,Kevin Mathis,kevin.mathis@company.com,2023-07-31
USER-2025-000172,Rita Hale,rita.hale@company.com,2016-08-08
USER-2025-000173,Katelyn Grant,katelyn.grant@company.com,2022-12-21
USER-2025-000174,Melissa Norris,melissa.norris@company.com,2024-10-06
USER-2025-000175,Sara Huynh,sara.huynh@company.com,2023-09-23
USER-2025-000176,Christopher Harrison,christopher.harrison@company.com,2022-02-01
USER-2025-000177,Michelle Newman,michelle.newman@company.com,2015-12-27
USER-2025-000178,Lisa Herring,lisa.herring@company.com,2016-10-26
USER-2025-000179,Samantha Lambert,samantha.lambert@company.com,2020-09-22
USER-2025-000180,Karen Alvarez,karen.alvarez@company.com,2021-01-08
USER-2025-000181,Phillip Espinoza,phillip.espinoza@company.com,2022-09-03
USER-2025-000182,Charles Villa,charles.villa@company.com,2021-02-27
USER-2025-000183,Michael Roberson,michael.roberson@company.com,2019-09-25
USER-2025-000184,Nicole Green,nicole.green@company.com,2024-04-30
USER-2025-000185,Scott Clark,scott.clark@company.com,2024-08-22
USER-2025-000186,Terry Reed,terry.reed@company.com,2020-06-24
USER-2025-000187,Christopher Lee,christopher.lee@company.com,2022-02-03
USER-2025-000188,Amanda Martinez,amanda.martinez@company.com,2019-07-26
USER-2025-000189,Jeremy Bell,jeremy.bell@company.com,2024-11-01
USER-2025-000190,Jordan Dudley,jordan.dudley@company.com,2020-03-23
USER-2025-000191,Michael Evans,michael.evans@company.com,2023-03-15
USER-2025-000192,Tammy Wallace,tammy.wallace@company.com,2024-06-27
USER-2025-000193,Gina Rhodes,gina.rhodes@company.com,2019-12-29
USER-2025-000194,Rachel Jackson,rachel.jackson@company.com,2019-02-27
USER-2025-000195,Mrs. Pamela Cervantes,mrs.cervantes@company.com,2024-08-16
USER-2025-000196,Todd Shepherd,todd.shepherd@company.com,2018-04-22
USER-2025-000197,Cynthia Norman,cynthia.norman@company.com,2024-12-29
USER-2025-000198,Leslie Hughes,leslie.hughes@company.com,2024-11-10
USER-2025-000199,Dawn Rodriguez,dawn.rodriguez@company.com,2018-12-18
USER-2025-000200,Kenneth Kelley,kenneth.kelley@company.com,2019-09-03
USER-2025-000201,Tammie Newman,tammie.newman@company.com,2019-09-01
USER-2025-000202,Kathy Reynolds,kathy.reynolds@company.com,2015-12-09
USER-2025-000203,Mary Duncan,mary.duncan@company.com,2018-07-01
USER-2025-000204,Leroy Holmes,leroy.holmes@company.com,2021-04-06
USER-2025-000205,Ruth Davis,ruth.davis@company.com,2021-06-08
USER-2025-000206,Shane Patton,shane.patton@company.com,2019-05-31
USER-2025-000207,Sharon Frey,sharon.frey@company.com,2016-07-28
USER-2025-000208,Robin Moore,robin.moore@company.com,2025-03-10
USER-2025-000209,Steven Patel,steven.patel@company.com,2019-05-08
USER-2025-000210,Mr. Anthony Sloan PhD,mr.phd@company.com,2017-07-09
USER-2025-000211,Michael Perry,michael.perry@company.com,2020-06-03
USER-2025-000212,Cassandra Watson,cassandra.watson@company.com,2017-05-14
USER-2025-000213,Joseph Obrien,joseph.obrien@company.com,2016-09-06
USER-2025-000214,Taylor Lambert,taylor.lambert@company.com,2021-10-09
USER-2025-000215,John Cook,john.cook@company.com,2019-01-29
USER-2025-000216,Joseph Mcdonald,joseph.mcdonald@company.com,2019-05-18
USER-2025-000217,Scott Barber,scott.barber@company.com,2016-01-15
USER-2025-000218,Billy Rodriguez,billy.rodriguez@company.com,2015-10-15
USER-2025-000219,Stephanie Fitzpatrick,stephanie.fitzpatrick@company.com,2023-02-17
USER-2025-000220,Tracy Butler,tracy.butler@company.com,2017-06-19
USER-2025-000221,Robert Marshall,robert.marshall@company.com,2016-03-14
USER-2025-000222,John Miller,john.miller@company.com,2024-08-25
USER-2025-000223,Donna Anderson DDS,donna.dds@company.com,2021-05-29
USER-2025-000224,Leslie Schmidt,leslie.schmidt@company.com,2016-05-06
USER-2025-000225,Alexander Sanchez,alexander.sanchez@company.com,2016-01-29
USER-2025-000226,Elizabeth Martinez,elizabeth.martinez@company.com,2019-11-11
USER-2025-000227,David Golden,david.golden@company.com,2021-12-02
USER-2025-000228,Lori Johnson,lori.johnson@company.com,2025-01-08
USER-2025-000229,Joseph Hall,joseph.hall@company.com,2021-06-11
USER-2025-000230,Emily Rogers,emily.rogers@company.com,2020-12-18
USER-2025-000231,Rachel Barnett,rachel.barnett@company.com,2024-08-02
USER-2025-000232,Carly Hahn,carly.hahn@company.com,2021-10-11
USER-2025-000233,Nicholas Strickland,nicholas.strickland@company.com,2024-01-26
USER-2025-000234,Katrina Fry,katrina.fry@company.com,2025-04-24
USER-2025-000235,Christopher Johnson,christopher.johnson@company.com,2022-02-20
USER-2025-000236,Jared Bell,jared.bell@company.com,2024-03-20
USER-2025-000237,Wesley Ross,wesley.ross@company.com,2021-08-01
USER-2025-000238,Robert Webb,robert.webb@company.com,2021-01-03
USER-2025-000239,Mr. David Brown,mr.brown@company.com,2016-07-08
USER-2025-000240,Ryan Bernard,ryan.bernard@company.com,2023-01-08
USER-2025-000241,Matthew Wright,matthew.wright@company.com,2016-02-29
USER-2025-000242,Julian Salazar,julian.salazar@company.com,2019-11-29
USER-2025-000243,Lori Johnson,lori.johnson@company.com,2018-11-27
USER-2025-000244,Angelica Woods,angelica.woods@company.com,2019-08-05
USER-2025-000245,Michael Castro,michael.castro@company.com,2019-12-17
USER-2025-000246,Jason Clark,jason.clark@company.com,2019-04-10
USER-2025-000247,Jessica Sparks,jessica.sparks@company.com,2025-06-11
USER-2025-000248,Diane Duncan,diane.duncan@company.com,2016-06-04
USER-2025-000249,Jacob Johnson,jacob.johnson@company.com,2018-07-05
USER-2025-000250,Jamie Lewis,jamie.lewis@company.com,2019-07-26
USER-2025-000251,Katie Lee,katie.lee@company.com,2023-02-16
USER-2025-000252,Timothy Snyder,timothy.snyder@company.com,2019-08-27
USER-2025-000253,Luke Hahn,luke.hahn@company.com,2024-09-11
USER-2025-000254,Alex Moore,alex.moore@company.com,2017-03-17
USER-2025-000255,Erik Lamb,erik.lamb@company.com,2023-05-05
USER-2025-000256,Heather Osborne,heather.osborne@company.com,2022-05-01
USER-2025-000257,Andrew Gaines,andrew.gaines@company.com,2020-07-28
USER-2025-000258,Christine Lopez,christine.lopez@company.com,2024-09-16
USER-2025-000259,Bradley Davis,bradley.davis@company.com,2017-02-08
USER-2025-000260,Jill Williams,jill.williams@company.com,2022-11-01
USER-2025-000261,Christine Cantu,christine.cantu@company.com,2023-11-23
USER-2025-000262,Courtney Tucker,courtney.tucker@company.com,2020-01-30
USER-2025-000263,Dr. David Proctor,dr.proctor@company.com,2017-12-05
USER-2025-000264,Rebecca Goodman,rebecca.goodman@company.com,2021-05-08
USER-2025-000265,Michael Oliver,michael.oliver@company.com,2019-11-15
USER-2025-000266,Tonya Soto,tonya.soto@company.com,2019-03-25
USER-2025-000267,Debra Khan,debra.khan@company.com,2015-10-11
USER-2025-000268,Rebecca Trevino,rebecca.trevino@company.com,2016-12-19
USER-2025-000269,Victor Valdez,victor.valdez@company.com,2019-04-02
USER-2025-000270,Rachel Stevenson,rachel.stevenson@company.com,2020-11-25
USER-2025-000271,Christine Edwards,christine.edwards@company.com,2021-08-08
USER-2025-000272,Joshua Rodriguez,joshua.rodriguez@company.com,2016-08-19
USER-2025-000273,Joanne Scott,joanne.scott@company.com,2016-08-08
USER-2025-000274,Anthony Carson,anthony.carson@company.com,2023-12-21
USER-2025-000275,Dana Mahoney,dana.mahoney@company.com,2017-02-16
USER-2025-000276,Caitlin Gutierrez,caitlin.gutierrez@company.com,2023-03-30
USER-2025-000277,Jacqueline Chavez,jacqueline.chavez@company.com,2024-12-15
USER-2025-000278,Joseph Thompson,joseph.thompson@company.com,2021-02-07
USER-2025-000279,Mrs. Jennifer Jordan,mrs.jordan@company.com,2021-10-24
USER-2025-000280,Erica Thomas,erica.thomas@company.com,2018-05-23
USER-2025-000281,Emily Aguirre,emily.aguirre@company.com,2016-08-07
USER-2025-000282,Shane Stevenson,shane.stevenson@company.com,2023-08-29
USER-2025-000283,Cheryl Hansen,cheryl.hansen@company.com,2021-12-19
USER-2025-000284,Vanessa Butler,vanessa.butler@company.com,2024-10-15
USER-2025-000285,Elizabeth Williams,elizabeth.williams@company.com,2023-01-28
USER-2025-000286,Shawn Schultz,shawn.schultz@company.com,2019-08-27
USER-2025-000287,Donald Lowe,donald.lowe@company.com,2017-02-04
USER-2025-000288,Alan Brown,alan.brown@company.com,2020-06-07
USER-2025-000289,Robert Reid,robert.reid@company.com,2024-07-12
USER-2025-000290,Mark Leonard,mark.leonard@company.com,2017-12-19
USER-2025-000291,Robert Johnson,robert.johnson@company.com,2021-09-13
USER-2025-000292,Rachel Mitchell,rachel.mitchell@company.com,2022-01-03
USER-2025-000293,Michelle Wilkins DVM,michelle.dvm@company.com,2017-11-08
USER-2025-000294,Kevin Mendez,kevin.mendez@company.com,2021-03-01
USER-2025-000295,Joe Cunningham,joe.cunningham@company.com,2022-03-30
USER-2025-000296,Julia Aguilar,julia.aguilar@company.com,2016-12-20
USER-2025-000297,Ronald Robinson,ronald.robinson@company.com,2025-06-22
USER-2025-000298,Dawn Reed,dawn.reed@company.com,2022-04-25
USER-2025-000299,Dawn Conway,dawn.conway@company.com,2025-04-12
USER-2025-000300,James Davis,james.davis@company.com,2025-04-19
USER-2025-000301,Robert Spencer,robert.spencer@company.com,2020-01-29
USER-2025-000302,Zachary Gardner,zachary.gardner@company.com,2022-11-25
USER-2025-000303,Kelly Berry,kelly.berry@company.com,2016-08-13
USER-2025-000304,Dustin Guerra,dustin.guerra@company.com,2022-12-12
USER-2025-000305,Michael Ramirez,michael.ramirez@company.com,2015-12-14
USER-2025-000306,Timothy Brown,timothy.brown@company.com,2025-04-13
USER-2025-000307,Calvin Haley,calvin.haley@company.com,2020-09-19
USER-2025-000308,William Mooney,william.mooney@company.com,2015-07-26
USER-2025-000309,Zachary Baxter,zachary.baxter@company.com,2020-07-08
USER-2025-000310,Chris Moore,chris.moore@company.com,2022-05-08
USER-2025-000311,Kerry Villa,kerry.villa@company.com,2022-08-26
USER-2025-000312,Brian Jenkins,brian.jenkins@company.com,2016-05-07
USER-2025-000313,Linda Holmes,linda.holmes@company.com,2020-11-11
USER-2025-000314,Daniel Everett,daniel.everett@company.com,2016-04-19
USER-2025-000315,Sarah Guzman,sarah.guzman@company.com,2018-11-17
USER-2025-000316,Jeremy Hicks,jeremy.hicks@company.com,2017-04-27
USER-2025-000317,Mary Little,mary.little@company.com,2021-02-10
USER-2025-000318,Keith Wilson,keith.wilson@company.com,2019-04-23
USER-2025-000319,Lauren Coleman,lauren.coleman@company.com,2018-04-30
USER-2025-000320,Tyler Hansen,tyler.hansen@company.com,2020-12-15
USER-2025-000321,Michael Hester,michael.hester@company.com,2019-01-28
USER-2025-000322,James James,james.james@company.com,2024-05-20
USER-2025-000323,Olivia Barker,olivia.barker@company.com,2020-05-29
USER-2025-000324,Seth Price,seth.price@company.com,2024-02-06
USER-2025-000325,Sharon Jenkins,sharon.jenkins@company.com,2015-07-10
USER-2025-000326,Ashley Williams,ashley.williams@company.com,2018-09-05
USER-2025-000327,David Sparks,david.sparks@company.com,2019-01-28
USER-2025-000328,John Ray,john.ray@company.com,2017-11-12
USER-2025-000329,Albert Morales,albert.morales@company.com,2022-03-11
USER-2025-000330,Todd Hughes,todd.hughes@company.com,2023-10-11
USER-2025-000331,Regina Bell,regina.bell@company.com,2020-02-18
USER-2025-000332,Pamela Maldonado,pamela.maldonado@company.com,2022-07-26
USER-2025-000333,Jeff Preston,jeff.preston@company.com,2025-06-02
USER-2025-000334,Carl Yoder,carl.yoder@company.com,2024-06-18
USER-2025-000335,Jill Murray,jill.murray@company.com,2020-03-10
USER-2025-000336,Brittany Melton,brittany.melton@company.com,2023-07-10
USER-2025-000337,Cody Hernandez,cody.hernandez@company.com,2018-06-15
USER-2025-000338,Lisa Sanders,lisa.sanders@company.com,2017-04-07
USER-2025-000339,Dustin Moore,dustin.moore@company.com,2017-04-25
USER-2025-000340,Heather Stone,heather.stone@company.com,2023-03-10
USER-2025-000341,Jennifer Spencer,jennifer.spencer@company.com,2016-07-29
USER-2025-000342,Christopher Klein,christopher.klein@company.com,2016-06-23
USER-2025-000343,Kristie Stone,kristie.stone@company.com,2023-09-08
USER-2025-000344,Dr. Pamela Harmon,dr.harmon@company.com,2018-03-08
USER-2025-000345,Cody Boone,cody.boone@company.com,2020-03-28
USER-2025-000346,Edward White,edward.white@company.com,2024-05-18
USER-2025-000347,Michele Schneider,michele.schneider@company.com,2022-12-14
USER-2025-000348,Darrell Butler,darrell.butler@company.com,2018-08-24
USER-2025-000349,Gregory Jones,gregory.jones@company.com,2021-08-21
USER-2025-000350,Mary Miller,mary.miller@company.com,2024-07-14
USER-2025-000351,Jason Cochran,jason.cochran@company.com,2019-05-28
USER-2025-000352,Brandon Ruiz,brandon.ruiz@company.com,2017-02-25
USER-2025-000353,Jordan Meyers,jordan.meyers@company.com,2017-02-11
USER-2025-000354,Joshua Preston,joshua.preston@company.com,2023-01-13
USER-2025-000355,Thomas Simmons,thomas.simmons@company.com,2020-01-08
USER-2025-000356,Denise Arroyo,denise.arroyo@company.com,2024-05-06
USER-2025-000357,Felicia Richardson,felicia.richardson@company.com,2019-02-08
USER-2025-000358,Jamie Glenn,jamie.glenn@company.com,2018-08-22
USER-2025-000359,Brandy Burton,brandy.burton@company.com,2025-05-19
USER-2025-000360,Mary May,mary.may@company.com,2023-05-19
USER-2025-000361,Gabriel Obrien,gabriel.obrien@company.com,2015-10-20
USER-2025-000362,Julie Garcia,julie.garcia@company.com,2016-11-25
USER-2025-000363,Ann Moore,ann.moore@company.com,2024-06-21
USER-2025-000364,Aaron Jarvis,aaron.jarvis@company.com,2015-10-20
USER-2025-000365,Jennifer White,jennifer.white@company.com,2021-08-11
USER-2025-000366,Mrs. Leslie Romero,mrs.romero@company.com,2025-02-21
USER-2025-000367,Stephen Edwards,stephen.edwards@company.com,2025-03-10
USER-2025-000368,Tara Leonard,tara.leonard@company.com,2019-01-30
USER-2025-000369,Scott Johnson,scott.johnson@company.com,2024-12-07
USER-2025-000370,David Nguyen,david.nguyen@company.com,2023-03-08
USER-2025-000371,Ernest Newman,ernest.newman@company.com,2018-03-18
USER-2025-000372,Tammy Chavez,tammy.chavez@company.com,2016-09-08
USER-2025-000373,Lindsey Campbell,lindsey.campbell@company.com,2016-12-04
USER-2025-000374,Glen Harris,glen.harris@company.com,2017-03-19
USER-2025-000375,Thomas Cook,thomas.cook@company.com,2017-05-23
USER-2025-000376,Amanda Gomez,amanda.gomez@company.com,2023-10-25
USER-2025-000377,Lindsay Haynes,lindsay.haynes@company.com,2016-10-22
USER-2025-000378,Dawn Francis,dawn.francis@company.com,2017-05-08
USER-2025-000379,Benjamin Gonzales,benjamin.gonzales@company.com,2019-10-10
USER-2025-000380,Mrs. Kathryn Marsh MD,mrs.md@company.com,2016-12-07
USER-2025-000381,Brittany Kent,brittany.kent@company.com,2022-01-25
USER-2025-000382,Brian Newman,brian.newman@company.com,2024-10-08
USER-2025-000383,Kelly Harris,kelly.harris@company.com,2022-11-10
USER-2025-000384,Adam Richards,adam.richards@company.com,2024-12-03
USER-2025-000385,Samantha Jones,samantha.jones@company.com,2022-12-08
USER-2025-000386,Erik Baker,erik.baker@company.com,2024-09-25
USER-2025-000387,Amanda Beasley,amanda.beasley@company.com,2019-03-10
USER-2025-000388,Sandra Nguyen,sandra.nguyen@company.com,2024-02-17
USER-2025-000389,Glenda Garcia,glenda.garcia@company.com,2022-03-02
USER-2025-000390,Melissa Barnes,melissa.barnes@company.com,2020-02-27
USER-2025-000391,Philip Blackwell,philip.blackwell@company.com,2018-12-02
USER-2025-000392,James Barry,james.barry@company.com,2017-07-23
USER-2025-000393,Destiny Campbell,destiny.campbell@company.com,2020-03-30
USER-2025-000394,Monica Johnson,monica.johnson@company.com,2022-04-20
USER-2025-000395,Gregory Lamb,gregory.lamb@company.com,2017-02-05
USER-2025-000396,Hannah Bailey,hannah.bailey@company.com,2020-04-26
USER-2025-000397,Tina Moyer,tina.moyer@company.com,2017-05-05
USER-2025-000398,Matthew Blevins,matthew.blevins@company.com,2019-03-13
USER-2025-000399,Amy Wallace,amy.wallace@company.com,2024-05-02
USER-2025-000400,Mindy Page,mindy.page@company.com,2017-12-06
USER-2025-000401,Darlene Wilson,darlene.wilson@company.com,2020-05-26
USER-2025-000402,Nicholas Green,nicholas.green@company.com,2022-09-23
USER-2025-000403,Timothy Kennedy,timothy.kennedy@company.com,2023-06-17
USER-2025-000404,Michael Richardson,michael.richardson@company.com,2024-08-24
USER-2025-000405,Nicole Burns,nicole.burns@company.com,2019-02-22
USER-2025-000406,Tammy Harris,tammy.harris@company.com,2016-10-18
USER-2025-000407,Larry Davis,larry.davis@company.com,2025-06-23
USER-2025-000408,Tiffany Henson,tiffany.henson@company.com,2023-11-28
USER-2025-000409,Trevor Campbell,trevor.campbell@company.com,2019-09-08
USER-2025-000410,Christopher Mendez,christopher.mendez@company.com,2022-06-29
USER-2025-000411,Ethan Clark,ethan.clark@company.com,2018-12-03
USER-2025-000412,Kristi Swanson,kristi.swanson@company.com,2022-04-04
USER-2025-000413,Steven Weaver,steven.weaver@company.com,2019-06-22
USER-2025-000414,Seth Gates,seth.gates@company.com,2015-09-10
USER-2025-000415,Julie Armstrong,julie.armstrong@company.com,2023-05-15
USER-2025-000416,Taylor Sanchez,taylor.sanchez@company.com,2018-04-07
USER-2025-000417,Joanna Harvey,joanna.harvey@company.com,2016-09-19
USER-2025-000418,Victoria Mejia,victoria.mejia@company.com,2017-07-04
USER-2025-000419,Stacey Lopez,stacey.lopez@company.com,2021-12-14
USER-2025-000420,Kimberly Brown,kimberly.brown@company.com,2017-10-13
USER-2025-000421,Bryan Wyatt DVM,bryan.dvm@company.com,2024-04-09
USER-2025-000422,Louis Ross,louis.ross@company.com,2019-04-18
USER-2025-000423,Brandon Hinton,brandon.hinton@company.com,2015-07-13
USER-2025-000424,John Rivers,john.rivers@company.com,2020-06-11
USER-2025-000425,Sarah Harrison,sarah.harrison@company.com,2019-04-13
USER-2025-000426,Bryan Gray,bryan.gray@company.com,2016-01-21
USER-2025-000427,Joseph Cruz Jr.,joseph.jr@company.com,2025-02-21
USER-2025-000428,Alexa Smith,alexa.smith@company.com,2025-01-26
USER-2025-000429,Nicholas Murphy,nicholas.murphy@company.com,2019-04-20
USER-2025-000430,John Griffin,john.griffin@company.com,2025-05-08
USER-2025-000431,Scott Smith,scott.smith@company.com,2023-06-02
USER-2025-000432,Ricardo Martinez,ricardo.martinez@company.com,2024-07-28
USER-2025-000433,Gary Martin,gary.martin@company.com,2015-12-03
USER-2025-000434,Sheryl Bauer,sheryl.bauer@company.com,2020-10-18
USER-2025-000435,Erin Ortiz,erin.ortiz@company.com,2019-11-19
USER-2025-000436,Roberta Merritt,roberta.merritt@company.com,2020-10-27
USER-2025-000437,Megan Carroll,megan.carroll@company.com,2023-06-25
USER-2025-000438,Miranda Stein,miranda.stein@company.com,2022-06-06
USER-2025-000439,Michael Ware,michael.ware@company.com,2024-10-07
USER-2025-000440,Jack Gallagher,jack.gallagher@company.com,2018-09-28
USER-2025-000441,Shelby Nguyen,shelby.nguyen@company.com,2020-04-19
USER-2025-000442,Donna Daniel,donna.daniel@company.com,2018-09-20
USER-2025-000443,Keith Miller,keith.miller@company.com,2021-05-03
USER-2025-000444,Joel Rice,joel.rice@company.com,2025-03-28
USER-2025-000445,Thomas Benjamin,thomas.benjamin@company.com,2015-12-22
USER-2025-000446,Bailey Kim,bailey.kim@company.com,2016-09-26
USER-2025-000447,Elizabeth Wilkinson,elizabeth.wilkinson@company.com,2017-06-26
USER-2025-000448,Marcus Fuller,marcus.fuller@company.com,2023-11-20
USER-2025-000449,Nicole Black,nicole.black@company.com,2021-08-31
USER-2025-000450,Rhonda Butler,rhonda.butler@company.com,2021-06-07
USER-2025-000451,William Phillips,william.phillips@company.com,2025-02-20
USER-2025-000452,Kathryn Parker,kathryn.parker@company.com,2019-04-05
USER-2025-000453,Angela Ferguson,angela.ferguson@company.com,2024-10-22
USER-2025-000454,Gabriel Silva,gabriel.silva@company.com,2024-01-15
USER-2025-000455,Sharon Sutton,sharon.sutton@company.com,2024-05-17
USER-2025-000456,Rachel Taylor,rachel.taylor@company.com,2021-07-16
USER-2025-000457,Todd Horton,todd.horton@company.com,2024-02-06
USER-2025-000458,Edward Smith,edward.smith@company.com,2025-05-08
USER-2025-000459,Lisa Larson PhD,lisa.phd@company.com,2023-03-14
USER-2025-000460,Michael Ramsey,michael.ramsey@company.com,2020-06-05
USER-2025-000461,Amber Howell,amber.howell@company.com,2020-11-23
USER-2025-000462,Robert Weaver,robert.weaver@company.com,2015-10-01
USER-2025-000463,Robert Reeves MD,robert.md@company.com,2019-12-05
USER-2025-000464,Kimberly Mullins,kimberly.mullins@company.com,2017-06-30
USER-2025-000465,Jennifer Flynn,jennifer.flynn@company.com,2018-02-09
USER-2025-000466,Ashley Lowe,ashley.lowe@company.com,2017-04-13
USER-2025-000467,Theresa Carroll,theresa.carroll@company.com,2016-11-21
USER-2025-000468,Heather Jones,heather.jones@company.com,2018-11-16
USER-2025-000469,Margaret West,margaret.west@company.com,2022-06-20
USER-2025-000470,Nathaniel Wheeler,nathaniel.wheeler@company.com,2022-01-16
USER-2025-000471,Sarah Vazquez,sarah.vazquez@company.com,2020-07-06
USER-2025-000472,Loretta Franco,loretta.franco@company.com,2022-06-14
USER-2025-000473,Mathew Ortiz,mathew.ortiz@company.com,2019-07-07
USER-2025-000474,Dr. Jason Williams,dr.williams@company.com,2024-11-20
USER-2025-000475,Hannah Garcia,hannah.garcia@company.com,2018-07-05
USER-2025-000476,Marie Carter,marie.carter@company.com,2023-08-05
USER-2025-000477,Amanda Kelly,amanda.kelly@company.com,2015-11-08
USER-2025-000478,Timothy Munoz,timothy.munoz@company.com,2020-11-15
USER-2025-000479,Tyler Faulkner,tyler.faulkner@company.com,2019-09-16
USER-2025-000480,Donald Mathis,donald.mathis@company.com,2024-08-27
USER-2025-000481,Dennis Jarvis,dennis.jarvis@company.com,2020-06-17
USER-2025-000482,Ian Smith,ian.smith@company.com,2021-07-18
USER-2025-000483,Alison Rose MD,alison.md@company.com,2024-04-12
USER-2025-000484,Ashley Dominguez,ashley.dominguez@company.com,2021-09-02
USER-2025-000485,David Wood,david.wood@company.com,2020-01-05
USER-2025-000486,Frederick French,frederick.french@company.com,2017-10-22
USER-2025-000487,Matthew Gross,matthew.gross@company.com,2020-04-01
USER-2025-000488,Douglas Compton,douglas.compton@company.com,2017-07-08
USER-2025-000489,Charles Dickerson,charles.dickerson@company.com,2022-05-29
USER-2025-000490,Holly Newton,holly.newton@company.com,2018-01-22
USER-2025-000491,Sarah Kelly,sarah.kelly@company.com,2023-08-31
USER-2025-000492,Gary Rodriguez,gary.rodriguez@company.com,2023-11-28
USER-2025-000493,Craig Kirby,craig.kirby@company.com,2017-03-23
USER-2025-000494,Jacqueline Simon,jacqueline.simon@company.com,2024-04-20
USER-2025-000495,Clayton Allen,clayton.allen@company.com,2019-04-21
USER-2025-000496,John Johnson,john.johnson@company.com,2025-06-17
USER-2025-000497,Teresa Clark,teresa.clark@company.com,2016-07-14
USER-2025-000498,Corey Brown,corey.brown@company.com,2016-01-25
USER-2025-000499,Carol Copeland,carol.copeland@company.com,2022-01-22
USER-2025-000500,Matthew Price,matthew.price@company.com,2020-02-17
USER-2025-000501,Susan Stewart,susan.stewart@company.com,2016-09-22
USER-2025-000502,Michael Smith,michael.smith@company.com,2025-06-29
USER-2025-000503,Valerie Frey,valerie.frey@company.com,2016-07-14
USER-2025-000504,Cindy Ponce,cindy.ponce@company.com,2023-05-10
USER-2025-000505,Dennis Sullivan,dennis.sullivan@company.com,2016-11-20
USER-2025-000506,Cassidy Henry,cassidy.henry@company.com,2020-09-29
USER-2025-000507,Brian Morgan,brian.morgan@company.com,2018-05-24
USER-2025-000508,Steven Haas,steven.haas@company.com,2020-01-16
USER-2025-000509,Eric Simpson,eric.simpson@company.com,2023-11-05
USER-2025-000510,Cynthia Rich,cynthia.rich@company.com,2020-08-10
USER-2025-000511,Mark Joseph,mark.joseph@company.com,2019-02-21
USER-2025-000512,Margaret Bridges PhD,margaret.phd@company.com,2024-03-07
USER-2025-000513,Ryan Austin,ryan.austin@company.com,2023-03-05
USER-2025-000514,Andrea Chapman,andrea.chapman@company.com,2017-12-20
USER-2025-000515,Janice Hill,janice.hill@company.com,2015-08-30
USER-2025-000516,Eduardo Foster,eduardo.foster@company.com,2017-07-01
USER-2025-000517,Tabitha Reed,tabitha.reed@company.com,2017-03-23
USER-2025-000518,Christian Lin,christian.lin@company.com,2016-05-30
USER-2025-000519,William Johnson,william.johnson@company.com,2022-08-30
USER-2025-000520,Jennifer Howard,jennifer.howard@company.com,2025-05-04
USER-2025-000521,Lori Evans,lori.evans@company.com,2015-08-03
USER-2025-000522,Dr. Jason Mcdaniel,dr.mcdaniel@company.com,2015-07-20
USER-2025-000523,Jeanne Booth,jeanne.booth@company.com,2021-12-09
USER-2025-000524,Lisa Vasquez,lisa.vasquez@company.com,2019-03-31
USER-2025-000525,Trevor Lopez MD,trevor.md@company.com,2024-06-19
USER-2025-000526,Daniel Hill,daniel.hill@company.com,2017-08-06
USER-2025-000527,Tammy Marks,tammy.marks@company.com,2018-01-01
USER-2025-000528,Michele Moody,michele.moody@company.com,2022-12-27
USER-2025-000529,Elizabeth Shaffer,elizabeth.shaffer@company.com,2023-08-27
USER-2025-000530,Joanne Martinez,joanne.martinez@company.com,2021-11-13
USER-2025-000531,Jennifer Porter,jennifer.porter@company.com,2025-03-11
USER-2025-000532,Richard Moore,richard.moore@company.com,2024-04-01
USER-2025-000533,Sydney Esparza,sydney.esparza@company.com,2017-09-17
USER-2025-000534,Roger Casey,roger.casey@company.com,2025-06-23
USER-2025-000535,Jennifer Smith,jennifer.smith@company.com,2024-07-26
USER-2025-000536,Katelyn Sanchez,katelyn.sanchez@company.com,2022-06-22
USER-2025-000537,Kimberly Robles,kimberly.robles@company.com,2020-05-31
USER-2025-000538,George Peterson,george.peterson@company.com,2023-07-27
USER-2025-000539,Jason Rice,jason.rice@company.com,2021-12-12
USER-2025-000540,Timothy Neal,timothy.neal@company.com,2019-10-29
USER-2025-000541,Lauren Frye,lauren.frye@company.com,2018-06-04
USER-2025-000542,Kelly Harper,kelly.harper@company.com,2018-04-01
USER-2025-000543,Mark Perry,mark.perry@company.com,2017-10-25
USER-2025-000544,Susan Davis,susan.davis@company.com,2021-02-17
USER-2025-000545,Sylvia Lowery,sylvia.lowery@company.com,2023-10-24
USER-2025-000546,Catherine Lewis,catherine.lewis@company.com,2015-09-30
USER-2025-000547,Jennifer Webb,jennifer.webb@company.com,2015-07-19
USER-2025-000548,Jason Pena,jason.pena@company.com,2019-08-14
USER-2025-000549,Brent Garcia,brent.garcia@company.com,2024-10-23
USER-2025-000550,Maria Conley,maria.conley@company.com,2017-10-03
USER-2025-000551,Matthew Johnson,matthew.johnson@company.com,2015-11-22
USER-2025-000552,Edward Pham,edward.pham@company.com,2020-02-28
USER-2025-000553,Ricky Sandoval,ricky.sandoval@company.com,2024-03-13
USER-2025-000554,Richard Armstrong,richard.armstrong@company.com,2017-11-26
USER-2025-000555,Ian Atkins,ian.atkins@company.com,2016-04-20
USER-2025-000556,Shaun Henry,shaun.henry@company.com,2018-05-08
USER-2025-000557,Dr. Dawn Kirby,dr.kirby@company.com,2023-04-29
USER-2025-000558,Stephanie Rogers,stephanie.rogers@company.com,2025-03-30
USER-2025-000559,Victoria Henry,victoria.henry@company.com,2017-01-09
USER-2025-000560,Jennifer Andrews,jennifer.andrews@company.com,2016-09-30
USER-2025-000561,Matthew Garza,matthew.garza@company.com,2021-04-17
USER-2025-000562,Melanie Moore,melanie.moore@company.com,2023-02-13
USER-2025-000563,Natasha Mcintyre,natasha.mcintyre@company.com,2021-12-03
USER-2025-000564,Jonathan Gomez,jonathan.gomez@company.com,2016-02-14
USER-2025-000565,Chelsey Lane,chelsey.lane@company.com,2024-12-20
USER-2025-000566,Brian Huber,brian.huber@company.com,2023-10-24
USER-2025-000567,Christopher Anderson,christopher.anderson@company.com,2021-08-30
USER-2025-000568,Craig Smith,craig.smith@company.com,2020-11-22
USER-2025-000569,Kyle Morris,kyle.morris@company.com,2018-05-28
USER-2025-000570,Veronica Charles,veronica.charles@company.com,2023-10-11
USER-2025-000571,Nicole Townsend,nicole.townsend@company.com,2023-04-01
USER-2025-000572,Zachary Turner,zachary.turner@company.com,2019-03-02
USER-2025-000573,Matthew Oconnor,matthew.oconnor@company.com,2019-09-27
USER-2025-000574,Michael Cox,michael.cox@company.com,2018-06-26
USER-2025-000575,Angela Meyer,angela.meyer@company.com,2023-06-02
USER-2025-000576,Alexis Bond,alexis.bond@company.com,2021-02-23
USER-2025-000577,Cody Parsons,cody.parsons@company.com,2019-05-17
USER-2025-000578,Jennifer Stephenson,jennifer.stephenson@company.com,2017-02-14
USER-2025-000579,Robin Webster,robin.webster@company.com,2024-09-26
USER-2025-000580,Glen Hamilton,glen.hamilton@company.com,2015-07-25
USER-2025-000581,Michelle Coleman,michelle.coleman@company.com,2022-01-10
USER-2025-000582,Dustin Morris,dustin.morris@company.com,2022-02-18
USER-2025-000583,Melissa Turner,melissa.turner@company.com,2022-07-30
USER-2025-000584,Robert Mcclain,robert.mcclain@company.com,2016-03-25
USER-2025-000585,Corey Bruce,corey.bruce@company.com,2024-05-27
USER-2025-000586,Justin Welch,justin.welch@company.com,2016-03-18
USER-2025-000587,Katherine Howe,katherine.howe@company.com,2021-10-10
USER-2025-000588,Nancy Watson,nancy.watson@company.com,2023-10-23
USER-2025-000589,Diane Harrison,diane.harrison@company.com,2020-04-08
USER-2025-000590,David Spencer,david.spencer@company.com,2019-04-16
USER-2025-000591,Tyler Allen,tyler.allen@company.com,2024-01-08
USER-2025-000592,Leslie Heath,leslie.heath@company.com,2019-08-28
USER-2025-000593,Stephanie Reyes,stephanie.reyes@company.com,2019-01-25
USER-2025-000594,Lisa Flores,lisa.flores@company.com,2015-10-27
USER-2025-000595,Thomas Freeman,thomas.freeman@company.com,2017-02-15
USER-2025-000596,Timothy Watts,timothy.watts@company.com,2016-06-25
USER-2025-000597,Matthew Cooley,matthew.cooley@company.com,2017-11-17
USER-2025-000598,Edgar Mcguire,edgar.mcguire@company.com,2016-09-13
USER-2025-000599,Erik Powell,erik.powell@company.com,2017-03-30
USER-2025-000600,Joshua Robinson,joshua.robinson@company.com,2016-06-29
USER-2025-000601,Joseph Ramirez,joseph.ramirez@company.com,2024-06-03
USER-2025-000602,Sydney Wall,sydney.wall@company.com,2023-06-28
USER-2025-000603,Kristen Thompson,kristen.thompson@company.com,2022-05-08
USER-2025-000604,Jamie Harmon,jamie.harmon@company.com,2021-11-28
USER-2025-000605,Shaun Young,shaun.young@company.com,2022-04-18
USER-2025-000606,Mary Ortega,mary.ortega@company.com,2023-03-21
USER-2025-000607,Aaron Santos,aaron.santos@company.com,2025-01-24
USER-2025-000608,Phyllis Mcguire,phyllis.mcguire@company.com,2019-11-22
USER-2025-000609,Robin Mccarty,robin.mccarty@company.com,2018-10-26
USER-2025-000610,Gene Freeman,gene.freeman@company.com,2022-03-18
USER-2025-000611,Stephen Logan,stephen.logan@company.com,2024-03-19
USER-2025-000612,Melissa Davidson,melissa.davidson@company.com,2019-08-25
USER-2025-000613,Ryan James,ryan.james@company.com,2022-10-29
USER-2025-000614,Carolyn Thomas,carolyn.thomas@company.com,2020-03-22
USER-2025-000615,Ricky Hamilton,ricky.hamilton@company.com,2022-01-29
USER-2025-000616,Gary Hill,gary.hill@company.com,2024-10-12
USER-2025-000617,Michael Morris II,michael.ii@company.com,2020-07-13
USER-2025-000618,Heather Dawson,heather.dawson@company.com,2020-10-21
USER-2025-000619,Max Robertson,max.robertson@company.com,2018-02-12
USER-2025-000620,Sheila Castro,sheila.castro@company.com,2015-09-09
USER-2025-000621,Cynthia Stanley,cynthia.stanley@company.com,2015-10-29
USER-2025-000622,Maurice Gilmore,maurice.gilmore@company.com,2023-11-03
USER-2025-000623,Beverly Rogers,beverly.rogers@company.com,2022-06-19
USER-2025-000624,Alexander Campbell,alexander.campbell@company.com,2023-06-02
USER-2025-000625,Mr. Rick Berger,mr.berger@company.com,2016-09-20
USER-2025-000626,Virginia Sanders,virginia.sanders@company.com,2024-05-04
USER-2025-000627,Joseph Moore,joseph.moore@company.com,2022-10-12
USER-2025-000628,Jason Ingram,jason.ingram@company.com,2020-06-25
USER-2025-000629,Holly Hodge,holly.hodge@company.com,2019-09-16
USER-2025-000630,Deborah Tran,deborah.tran@company.com,2017-09-22
USER-2025-000631,Andrea Wright,andrea.wright@company.com,2020-11-05
USER-2025-000632,Richard Jones,richard.jones@company.com,2020-01-06
USER-2025-000633,Samuel Vincent,samuel.vincent@company.com,2015-08-20
USER-2025-000634,Aaron Smith,aaron.smith@company.com,2023-10-25
USER-2025-000635,James Macdonald,james.macdonald@company.com,2022-04-16
USER-2025-000636,Miguel Sanford Jr.,miguel.jr@company.com,2018-09-03
USER-2025-000637,Robert Ruiz,robert.ruiz@company.com,2016-05-11
USER-2025-000638,Tonya Garcia,tonya.garcia@company.com,2021-12-13
USER-2025-000639,James Thompson,james.thompson@company.com,2024-08-02
USER-2025-000640,Sheila Price,sheila.price@company.com,2023-12-07
USER-2025-000641,Erin Allen,erin.allen@company.com,2017-11-25
USER-2025-000642,Bailey Frank,bailey.frank@company.com,2018-09-21
USER-2025-000643,Lisa Pearson,lisa.pearson@company.com,2022-01-16
USER-2025-000644,Stephen Harper,stephen.harper@company.com,2017-05-23
USER-2025-000645,James Carpenter,james.carpenter@company.com,2024-10-06
USER-2025-000646,Samuel Johnson,samuel.johnson@company.com,2017-12-29
USER-2025-000647,Linda Griffin,linda.griffin@company.com,2019-04-27
USER-2025-000648,Gina Black,gina.black@company.com,2015-08-12
USER-2025-000649,Joseph Farley,joseph.farley@company.com,2020-05-08
USER-2025-000650,Lisa Knight,lisa.knight@company.com,2016-02-02
USER-2025-000651,Dr. Jason Miller DDS,dr.dds@company.com,2020-06-11
USER-2025-000652,Julie Roberts,julie.roberts@company.com,2023-12-11
USER-2025-000653,James Jones,james.jones@company.com,2023-02-27
USER-2025-000654,Alexander Lewis,alexander.lewis@company.com,2015-11-28
USER-2025-000655,Scott Ford,scott.ford@company.com,2024-06-02
USER-2025-000656,Kelly Daniels,kelly.daniels@company.com,2025-05-24
USER-2025-000657,Denise Francis,denise.francis@company.com,2023-10-29
USER-2025-000658,Stephanie Ross,stephanie.ross@company.com,2016-11-06
USER-2025-000659,Douglas Sullivan,douglas.sullivan@company.com,2018-06-28
USER-2025-000660,John Nelson,john.nelson@company.com,2018-10-22
USER-2025-000661,Steven Williams,steven.williams@company.com,2018-05-17
USER-2025-000662,Barbara Kelley,barbara.kelley@company.com,2018-07-28
USER-2025-000663,Jason Murray,jason.murray@company.com,2022-12-27
USER-2025-000664,John Rodriguez,john.rodriguez@company.com,2022-03-24
USER-2025-000665,Laura Macdonald,laura.macdonald@company.com,2022-07-16
USER-2025-000666,James Chavez,james.chavez@company.com,2022-08-16
USER-2025-000667,Virginia Robertson,virginia.robertson@company.com,2023-03-03
USER-2025-000668,Angela Garrett MD,angela.md@company.com,2016-10-08
USER-2025-000669,Jennifer Harvey,jennifer.harvey@company.com,2022-12-16
USER-2025-000670,Sarah Vega,sarah.vega@company.com,2018-09-05
USER-2025-000671,Samuel Green,samuel.green@company.com,2019-11-13
USER-2025-000672,Karen Ortiz,karen.ortiz@company.com,2020-10-06
USER-2025-000673,Margaret Hall,margaret.hall@company.com,2025-06-07
USER-2025-000674,Michael Rogers,michael.rogers@company.com,2020-07-25
USER-2025-000675,Jonathan Ortiz,jonathan.ortiz@company.com,2016-01-16
USER-2025-000676,Samuel Williams,samuel.williams@company.com,2021-09-29
USER-2025-000677,Melissa Ayala,melissa.ayala@company.com,2025-02-20
USER-2025-000678,Gregory Hunt,gregory.hunt@company.com,2015-08-20
USER-2025-000679,Mrs. Alicia Garcia,mrs.garcia@company.com,2022-08-01
USER-2025-000680,Justin Ramirez,justin.ramirez@company.com,2024-12-29
USER-2025-000681,Amy Davis,amy.davis@company.com,2020-12-08
USER-2025-000682,Jessica Mills,jessica.mills@company.com,2023-07-25
USER-2025-000683,Lindsay Buchanan,lindsay.buchanan@company.com,2016-07-18
USER-2025-000684,Katie Long,katie.long@company.com,2017-04-28
USER-2025-000685,Kimberly Brandt,kimberly.brandt@company.com,2020-12-07
USER-2025-000686,Kenneth Powell,kenneth.powell@company.com,2020-01-21
USER-2025-000687,Rebecca Clay,rebecca.clay@company.com,2016-04-15
USER-2025-000688,Jennifer Carlson,jennifer.carlson@company.com,2024-08-15
USER-2025-000689,Mary Berg,mary.berg@company.com,2022-09-16
USER-2025-000690,Michael Lopez,michael.lopez@company.com,2017-04-21
USER-2025-000691,Shannon Woods,shannon.woods@company.com,2018-11-30
USER-2025-000692,Lindsay Jackson,lindsay.jackson@company.com,2024-08-27
USER-2025-000693,Tanner Meadows,tanner.meadows@company.com,2022-04-06
USER-2025-000694,Kathleen Riggs,kathleen.riggs@company.com,2021-01-12
USER-2025-000695,George Duffy,george.duffy@company.com,2023-12-26
USER-2025-000696,Larry Walker,larry.walker@company.com,2018-09-15
USER-2025-000697,Donald Becker,donald.becker@company.com,2019-03-04
USER-2025-000698,Kenneth Carpenter,kenneth.carpenter@company.com,2015-08-09
USER-2025-000699,James Smith,james.smith@company.com,2023-08-23
USER-2025-000700,Kristi Alvarado,kristi.alvarado@company.com,2020-01-21
USER-2025-000701,Jesus Shaw,jesus.shaw@company.com,2024-02-28
USER-2025-000702,Gail Mata,gail.mata@company.com,2017-12-28
USER-2025-000703,Helen Jones,helen.jones@company.com,2016-02-24
USER-2025-000704,Elizabeth Hudson,elizabeth.hudson@company.com,2017-12-20
USER-2025-000705,Jennifer Todd,jennifer.todd@company.com,2022-06-29
USER-2025-000706,Martha Silva,martha.silva@company.com,2018-12-23
USER-2025-000707,Mr. Matthew Green DDS,mr.dds@company.com,2025-04-05
USER-2025-000708,Carolyn Francis,carolyn.francis@company.com,2020-04-21
USER-2025-000709,Lindsey Murray,lindsey.murray@company.com,2023-12-04
USER-2025-000710,Theresa Smith,theresa.smith@company.com,2024-12-29
USER-2025-000711,Carly Arnold,carly.arnold@company.com,2022-08-13
USER-2025-000712,Charles Perry,charles.perry@company.com,2024-06-17
USER-2025-000713,Andrew Petersen,andrew.petersen@company.com,2017-04-23
USER-2025-000714,Joseph Anthony,joseph.anthony@company.com,2017-07-02
USER-2025-000715,Daniel Perez,daniel.perez@company.com,2015-12-17
USER-2025-000716,Isabel Lewis,isabel.lewis@company.com,2022-10-13
USER-2025-000717,Lisa Sims,lisa.sims@company.com,2016-03-20
USER-2025-000718,Amy Dunn,amy.dunn@company.com,2015-08-23
USER-2025-000719,Stacy Meadows,stacy.meadows@company.com,2017-06-30
USER-2025-000720,Carolyn Castro,carolyn.castro@company.com,2020-09-27
USER-2025-000721,Stephanie Navarro,stephanie.navarro@company.com,2024-06-17
USER-2025-000722,Sherry Ortiz,sherry.ortiz@company.com,2019-06-08
USER-2025-000723,Jeffrey Woods,jeffrey.woods@company.com,2023-10-13
USER-2025-000724,Linda Munoz,linda.munoz@company.com,2024-10-12
USER-2025-000725,Mrs. Janet Cortez,mrs.cortez@company.com,2025-04-08
USER-2025-000726,Lauren Johnson,lauren.johnson@company.com,2017-03-03
USER-2025-000727,Tracy Barnes,tracy.barnes@company.com,2022-08-22
USER-2025-000728,Thomas Ortiz Jr.,thomas.jr@company.com,2020-05-10
USER-2025-000729,Samantha Hughes,samantha.hughes@company.com,2017-03-04
USER-2025-000730,Janet Perry,janet.perry@company.com,2022-02-26
USER-2025-000731,Mrs. Maria Peterson,mrs.peterson@company.com,2020-03-01
USER-2025-000732,Michael Hale,michael.hale@company.com,2021-12-07
USER-2025-000733,Craig Martinez,craig.martinez@company.com,2019-04-08
USER-2025-000734,Angela Merritt,angela.merritt@company.com,2018-04-22
USER-2025-000735,Kimberly Beck,kimberly.beck@company.com,2019-11-22
USER-2025-000736,Jodi Anderson,jodi.anderson@company.com,2017-09-02
USER-2025-000737,Ryan Trevino,ryan.trevino@company.com,2016-04-18
USER-2025-000738,Caleb Gould,caleb.gould@company.com,2022-12-12
USER-2025-000739,Nicholas Evans,nicholas.evans@company.com,2023-04-15
USER-2025-000740,Randy Nguyen,randy.nguyen@company.com,2019-03-28
USER-2025-000741,Carla Simmons PhD,carla.phd@company.com,2021-11-11
USER-2025-000742,Elizabeth Hayes,elizabeth.hayes@company.com,2022-05-08
USER-2025-000743,Tanya Cuevas,tanya.cuevas@company.com,2022-03-23
USER-2025-000744,Leah Peck,leah.peck@company.com,2016-09-01
USER-2025-000745,Jessica Newton,jessica.newton@company.com,2021-11-21
USER-2025-000746,Martha Maldonado,martha.maldonado@company.com,2019-01-27
USER-2025-000747,Justin Hood,justin.hood@company.com,2019-01-30
USER-2025-000748,Patrick Holland,patrick.holland@company.com,2025-06-17
USER-2025-000749,Lauren Smith,lauren.smith@company.com,2021-10-24
USER-2025-000750,Christopher Reynolds,christopher.reynolds@company.com,2017-02-12
USER-2025-000751,Jenna Donaldson,jenna.donaldson@company.com,2016-06-15
USER-2025-000752,Nicole Hess,nicole.hess@company.com,2017-01-17
USER-2025-000753,Sheri Baker,sheri.baker@company.com,2020-05-15
USER-2025-000754,Michael Montgomery,michael.montgomery@company.com,2018-07-13
USER-2025-000755,Michelle Rogers,michelle.rogers@company.com,2024-05-23
USER-2025-000756,Christopher Thomas,christopher.thomas@company.com,2020-11-01
USER-2025-000757,Tiffany Hawkins,tiffany.hawkins@company.com,2019-11-25
USER-2025-000758,Katherine Jacobson,katherine.jacobson@company.com,2023-09-03
USER-2025-000759,Pamela Holmes,pamela.holmes@company.com,2020-05-31
USER-2025-000760,Robin Hill,robin.hill@company.com,2020-01-06
USER-2025-000761,Roger Clark,roger.clark@company.com,2024-12-23
USER-2025-000762,Cole Russell,cole.russell@company.com,2020-02-19
USER-2025-000763,Lindsay Mccarthy,lindsay.mccarthy@company.com,2019-06-29
USER-2025-000764,Natalie Martin,natalie.martin@company.com,2021-11-03
USER-2025-000765,John Johnson,john.johnson@company.com,2015-07-24
USER-2025-000766,David Bell,david.bell@company.com,2020-01-23
USER-2025-000767,Ryan Garcia,ryan.garcia@company.com,2020-03-31
USER-2025-000768,Mrs. Elizabeth Garcia,mrs.garcia@company.com,2018-03-18
USER-2025-000769,Ashley Atkinson,ashley.atkinson@company.com,2023-01-13
USER-2025-000770,Elizabeth Elliott,elizabeth.elliott@company.com,2017-08-11
USER-2025-000771,Kara Simmons,kara.simmons@company.com,2018-10-05
USER-2025-000772,Julie Mullen,julie.mullen@company.com,2016-09-22
USER-2025-000773,Adrian Sims,adrian.sims@company.com,2020-11-01
USER-2025-000774,John Vega,john.vega@company.com,2022-03-24
USER-2025-000775,Evan Moore,evan.moore@company.com,2020-01-18
USER-2025-000776,Donald Scott,donald.scott@company.com,2024-09-12
USER-2025-000777,Clifford Smith,clifford.smith@company.com,2016-07-08
USER-2025-000778,Casey Meyers,casey.meyers@company.com,2019-01-19
USER-2025-000779,Jessica Cook,jessica.cook@company.com,2016-07-02
USER-2025-000780,Angela Fuller,angela.fuller@company.com,2024-02-13
USER-2025-000781,Gilbert Avery,gilbert.avery@company.com,2019-11-08
USER-2025-000782,Robert Vargas,robert.vargas@company.com,2025-03-25
USER-2025-000783,Robert Brewer,robert.brewer@company.com,2022-11-26
USER-2025-000784,Theresa Cooper,theresa.cooper@company.com,2021-04-26
USER-2025-000785,Taylor Miller,taylor.miller@company.com,2021-12-11
USER-2025-000786,Joel Smith,joel.smith@company.com,2024-07-08
USER-2025-000787,Lindsay Baxter,lindsay.baxter@company.com,2018-10-20
USER-2025-000788,Austin Hayes,austin.hayes@company.com,2022-06-08
USER-2025-000789,Charles Williams,charles.williams@company.com,2020-08-01
USER-2025-000790,Thomas Barber,thomas.barber@company.com,2023-06-13
USER-2025-000791,Joseph Wells,joseph.wells@company.com,2021-07-28
USER-2025-000792,Nicole Juarez,nicole.juarez@company.com,2019-10-10
USER-2025-000793,Tiffany Fletcher,tiffany.fletcher@company.com,2023-05-03
USER-2025-000794,David Fox,david.fox@company.com,2021-08-27
USER-2025-000795,Julie Palmer,julie.palmer@company.com,2021-02-11
USER-2025-000796,Kelly Proctor,kelly.proctor@company.com,2017-04-09
USER-2025-000797,Joseph Brown,joseph.brown@company.com,2019-12-16
USER-2025-000798,Sue Gutierrez,sue.gutierrez@company.com,2020-06-15
USER-2025-000799,Mr. Nicholas Allen,mr.allen@company.com,2016-09-13
USER-2025-000800,Leah Parker,leah.parker@company.com,2019-07-05
USER-2025-000801,Kimberly Mendoza,kimberly.mendoza@company.com,2016-01-30
USER-2025-000802,Wendy Lawson,wendy.lawson@company.com,2022-01-14
USER-2025-000803,Rhonda Campos,rhonda.campos@company.com,2023-12-20
USER-2025-000804,Michael Gillespie,michael.gillespie@company.com,2022-10-22
USER-2025-000805,Christopher Scott,christopher.scott@company.com,2016-09-29
USER-2025-000806,Joseph Rogers,joseph.rogers@company.com,2022-01-15
USER-2025-000807,Christopher Austin,christopher.austin@company.com,2018-01-17
USER-2025-000808,Laurie Johnson,laurie.johnson@company.com,2021-01-21
USER-2025-000809,Miranda Pierce,miranda.pierce@company.com,2018-01-27
USER-2025-000810,Joseph Lewis,joseph.lewis@company.com,2023-11-02
USER-2025-000811,Nicholas Church DDS,nicholas.dds@company.com,2022-07-10
USER-2025-000812,Frederick Harris,frederick.harris@company.com,2025-05-08
USER-2025-000813,Diana Mccarthy,diana.mccarthy@company.com,2019-11-09
USER-2025-000814,Brianna Cooper,brianna.cooper@company.com,2016-07-22
USER-2025-000815,Cassandra Clark PhD,cassandra.phd@company.com,2016-03-18
USER-2025-000816,James Dominguez,james.dominguez@company.com,2024-03-25
USER-2025-000817,Brandon Romero,brandon.romero@company.com,2017-11-10
USER-2025-000818,Laura Myers,laura.myers@company.com,2020-03-23
USER-2025-000819,Tyler Martin,tyler.martin@company.com,2018-03-05
USER-2025-000820,Brian Farmer,brian.farmer@company.com,2016-05-20
USER-2025-000821,Robin Nguyen,robin.nguyen@company.com,2022-10-17
USER-2025-000822,Brian Gilbert,brian.gilbert@company.com,2020-09-09
USER-2025-000823,Kathleen Rice,kathleen.rice@company.com,2017-03-19
USER-2025-000824,Johnathan Hutchinson,johnathan.hutchinson@company.com,2018-08-15
USER-2025-000825,Evelyn Spencer,evelyn.spencer@company.com,2024-08-12
USER-2025-000826,Aaron Allen,aaron.allen@company.com,2018-09-08
USER-2025-000827,Kimberly Miller,kimberly.miller@company.com,2018-01-15
USER-2025-000828,Larry Payne,larry.payne@company.com,2016-09-30
USER-2025-000829,Nicole Giles,nicole.giles@company.com,2019-12-09
USER-2025-000830,Victor Williams,victor.williams@company.com,2016-06-15
USER-2025-000831,Catherine Smith,catherine.smith@company.com,2015-07-28
USER-2025-000832,Lori Nelson,lori.nelson@company.com,2021-07-07
USER-2025-000833,Roger Bond,roger.bond@company.com,2017-09-25
USER-2025-000834,Dave Sanchez,dave.sanchez@company.com,2024-12-13
USER-2025-000835,Breanna Gray,breanna.gray@company.com,2022-12-06
USER-2025-000836,Kathleen Fox,kathleen.fox@company.com,2018-01-24
USER-2025-000837,Wendy Miller,wendy.miller@company.com,2024-07-13
USER-2025-000838,Brett Harris,brett.harris@company.com,2022-05-30
USER-2025-000839,Ronald Weaver,ronald.weaver@company.com,2023-09-10
USER-2025-000840,Brent Shaw,brent.shaw@company.com,2017-05-31
USER-2025-000841,Courtney Lewis,courtney.lewis@company.com,2017-03-07
USER-2025-000842,Ethan Myers,ethan.myers@company.com,2019-07-19
USER-2025-000843,Tammie Johnson,tammie.johnson@company.com,2024-12-03
USER-2025-000844,Ronald Miller,ronald.miller@company.com,2024-06-23
USER-2025-000845,Kelsey Becker,kelsey.becker@company.com,2019-07-08
USER-2025-000846,Christopher Richards,christopher.richards@company.com,2018-03-01
USER-2025-000847,Lawrence Williams,lawrence.williams@company.com,2023-12-04
USER-2025-000848,Cindy Salazar,cindy.salazar@company.com,2020-02-17
USER-2025-000849,Brian Vaughn,brian.vaughn@company.com,2017-01-19
USER-2025-000850,Bradley Watkins DDS,bradley.dds@company.com,2021-01-14
USER-2025-000851,Victoria Fox,victoria.fox@company.com,2019-10-24
USER-2025-000852,Anthony Moore,anthony.moore@company.com,2020-09-24
USER-2025-000853,Anthony Davidson,anthony.davidson@company.com,2017-11-13
USER-2025-000854,Joshua Peterson,joshua.peterson@company.com,2017-04-06
USER-2025-000855,Bonnie Erickson,bonnie.erickson@company.com,2019-02-08
USER-2025-000856,Juan Kim DVM,juan.dvm@company.com,2020-11-23
USER-2025-000857,Jennifer Lewis,jennifer.lewis@company.com,2016-11-03
USER-2025-000858,Tanya Lane,tanya.lane@company.com,2018-10-24
USER-2025-000859,Edward Williamson,edward.williamson@company.com,2023-11-25
USER-2025-000860,Hannah Weeks,hannah.weeks@company.com,2025-06-15
USER-2025-000861,Daniel Nichols,daniel.nichols@company.com,2019-12-27
USER-2025-000862,Alan Santiago,alan.santiago@company.com,2017-06-07
USER-2025-000863,Diane Richardson,diane.richardson@company.com,2020-02-20
USER-2025-000864,Jennifer Arnold,jennifer.arnold@company.com,2015-11-23
USER-2025-000865,James Adams,james.adams@company.com,2016-08-30
USER-2025-000866,Michele Pugh,michele.pugh@company.com,2015-09-17
USER-2025-000867,Nicole Peck,nicole.peck@company.com,2024-12-25
USER-2025-000868,Christina Thomas,christina.thomas@company.com,2023-04-27
USER-2025-000869,Wyatt Reed,wyatt.reed@company.com,2023-04-27
USER-2025-000870,John Carter,john.carter@company.com,2015-12-18
USER-2025-000871,Erin Barker,erin.barker@company.com,2025-01-01
USER-2025-000872,Ryan Harris,ryan.harris@company.com,2019-03-26
USER-2025-000873,Ruth Payne,ruth.payne@company.com,2021-02-14
USER-2025-000874,Michael Hicks,michael.hicks@company.com,2018-12-24
USER-2025-000875,Samantha Knapp,samantha.knapp@company.com,2022-01-09
USER-2025-000876,Jill Jones,jill.jones@company.com,2016-01-04
USER-2025-000877,Sean Stevens,sean.stevens@company.com,2018-07-27
USER-2025-000878,Elizabeth Meza,elizabeth.meza@company.com,2016-01-03
USER-2025-000879,Daniel Bowers,daniel.bowers@company.com,2023-03-02
USER-2025-000880,Kyle Hess,kyle.hess@company.com,2024-07-03
USER-2025-000881,Andrea Holland,andrea.holland@company.com,2015-11-09
USER-2025-000882,Richard Smith,richard.smith@company.com,2016-12-07
USER-2025-000883,Bradley Dickson,bradley.dickson@company.com,2017-05-06
USER-2025-000884,Paul Lynn,paul.lynn@company.com,2023-11-01
USER-2025-000885,James Clark,james.clark@company.com,2019-03-01
USER-2025-000886,Joseph Benson,joseph.benson@company.com,2024-05-13
USER-2025-000887,Patrick Osborne,patrick.osborne@company.com,2021-01-06
USER-2025-000888,Amy Contreras,amy.contreras@company.com,2025-06-02
USER-2025-000889,Mark Simpson,mark.simpson@company.com,2025-01-22
USER-2025-000890,Cameron Carey,cameron.carey@company.com,2018-02-28
USER-2025-000891,Tracy Navarro,tracy.navarro@company.com,2017-04-24
USER-2025-000892,Keith Walker,keith.walker@company.com,2022-07-06
USER-2025-000893,Kelli Baird MD,kelli.md@company.com,2018-11-09
USER-2025-000894,Tiffany Thomas,tiffany.thomas@company.com,2019-08-09
USER-2025-000895,Joshua Ortiz,joshua.ortiz@company.com,2016-08-14
USER-2025-000896,Kelsey Robinson,kelsey.robinson@company.com,2017-01-17
USER-2025-000897,Donald Cox,donald.cox@company.com,2017-05-06
USER-2025-000898,Thomas Trujillo,thomas.trujillo@company.com,2020-03-14
USER-2025-000899,James Hayes,james.hayes@company.com,2021-02-07
USER-2025-000900,Miss Kimberly Jones,miss.jones@company.com,2021-03-01
USER-2025-000901,David Davis,david.davis@company.com,2018-05-24
USER-2025-000902,Stacie Santana,stacie.santana@company.com,2024-06-23
USER-2025-000903,Cindy Gross,cindy.gross@company.com,2016-07-19
USER-2025-000904,Michael Snyder,michael.snyder@company.com,2020-04-18
USER-2025-000905,Mark Ward,mark.ward@company.com,2024-06-13
USER-2025-000906,Thomas Atkins,thomas.atkins@company.com,2021-08-04
USER-2025-000907,Kevin Mora,kevin.mora@company.com,2018-07-08
USER-2025-000908,Judith Johns MD,judith.md@company.com,2023-07-24
USER-2025-000909,Lisa Reeves,lisa.reeves@company.com,2023-12-30
USER-2025-000910,Joshua Mcguire,joshua.mcguire@company.com,2021-02-24
USER-2025-000911,David Gonzalez,david.gonzalez@company.com,2024-05-24
USER-2025-000912,Patrick Ray,patrick.ray@company.com,2016-07-27
USER-2025-000913,Martin Day,martin.day@company.com,2023-04-09
USER-2025-000914,Rhonda Boyd,rhonda.boyd@company.com,2019-04-06
USER-2025-000915,Ashley Pittman,ashley.pittman@company.com,2017-10-31
USER-2025-000916,Angela Cooke,angela.cooke@company.com,2022-09-20
USER-2025-000917,Susan Parks,susan.parks@company.com,2022-10-05
USER-2025-000918,Robert Jones,robert.jones@company.com,2024-03-01
USER-2025-000919,Charles Johnson,charles.johnson@company.com,2025-06-22
USER-2025-000920,Mr. Victor Tapia Jr.,mr.jr@company.com,2016-02-27
USER-2025-000921,Jennifer Smith,jennifer.smith@company.com,2018-08-22
USER-2025-000922,Benjamin Robinson,benjamin.robinson@company.com,2022-12-31
USER-2025-000923,Travis Ball,travis.ball@company.com,2018-01-24
USER-2025-000924,Jennifer Rodriguez,jennifer.rodriguez@company.com,2024-07-12
USER-2025-000925,Anna Kaiser,anna.kaiser@company.com,2025-05-28
USER-2025-000926,Steven Carpenter,steven.carpenter@company.com,2022-01-14
USER-2025-000927,Evan Leblanc,evan.leblanc@company.com,2020-08-31
USER-2025-000928,Anthony Shepherd,anthony.shepherd@company.com,2019-03-15
USER-2025-000929,Natalie Cooper,natalie.cooper@company.com,2025-05-15
USER-2025-000930,Christopher Barber,christopher.barber@company.com,2023-04-16
USER-2025-000931,Amanda Deleon,amanda.deleon@company.com,2023-07-21
USER-2025-000932,Douglas Calderon,douglas.calderon@company.com,2016-11-24
USER-2025-000933,Donna Stone,donna.stone@company.com,2015-10-30
USER-2025-000934,Paul Herring,paul.herring@company.com,2021-04-10
USER-2025-000935,Roger Sanchez,roger.sanchez@company.com,2021-06-18
USER-2025-000936,Amy Gregory,amy.gregory@company.com,2019-12-05
USER-2025-000937,Holly Cabrera,holly.cabrera@company.com,2023-09-23
USER-2025-000938,Austin Miller,austin.miller@company.com,2025-01-02
USER-2025-000939,Rachel Williams,rachel.williams@company.com,2017-02-22
USER-2025-000940,Glenda Smith,glenda.smith@company.com,2023-11-09
USER-2025-000941,David Gardner,david.gardner@company.com,2023-02-24
USER-2025-000942,Brittany Blankenship,brittany.blankenship@company.com,2024-12-05
USER-2025-000943,Michael Davis,michael.davis@company.com,2024-10-18
USER-2025-000944,Andrea Black,andrea.black@company.com,2024-08-13
USER-2025-000945,Danielle Brown,danielle.brown@company.com,2017-04-05
USER-2025-000946,Perry Grant,perry.grant@company.com,2022-06-10
USER-2025-000947,Patrick Williamson,patrick.williamson@company.com,2017-05-05
USER-2025-000948,Raymond Sullivan,raymond.sullivan@company.com,2025-06-15
USER-2025-000949,Kyle Rios,kyle.rios@company.com,2015-11-04
USER-2025-000950,Elizabeth Brown,elizabeth.brown@company.com,2023-04-24
USER-2025-000951,Terri Collins,terri.collins@company.com,2020-04-17
USER-2025-000952,Jessica Brown,jessica.brown@company.com,2020-02-18
USER-2025-000953,Cassandra Wilson,cassandra.wilson@company.com,2023-09-02
USER-2025-000954,Frederick Osborne,frederick.osborne@company.com,2020-03-31
USER-2025-000955,Timothy Oliver,timothy.oliver@company.com,2016-09-24
USER-2025-000956,Steven Bates,steven.bates@company.com,2018-12-08
USER-2025-000957,Andrea Benitez,andrea.benitez@company.com,2024-02-10
USER-2025-000958,John Davila,john.davila@company.com,2015-10-03
USER-2025-000959,Angela Torres,angela.torres@company.com,2024-05-02
USER-2025-000960,Kathleen Green,kathleen.green@company.com,2024-07-21
USER-2025-000961,Mark Mitchell,mark.mitchell@company.com,2019-03-03
USER-2025-000962,Barbara Cunningham,barbara.cunningham@company.com,2020-05-13
USER-2025-000963,John Ortiz,john.ortiz@company.com,2018-04-24
USER-2025-000964,Emily Townsend,emily.townsend@company.com,2019-06-19
USER-2025-000965,Mr. Paul Martin,mr.martin@company.com,2020-06-02
USER-2025-000966,Frank Davis,frank.davis@company.com,2016-01-06
USER-2025-000967,Robert Jones DDS,robert.dds@company.com,2024-06-04
USER-2025-000968,Ronald Mcmillan,ronald.mcmillan@company.com,2018-08-10
USER-2025-000969,Lori Martin,lori.martin@company.com,2019-12-08
USER-2025-000970,Emma Henderson,emma.henderson@company.com,2021-03-14
USER-2025-000971,Mrs. Jessica Taylor,mrs.taylor@company.com,2016-04-29
USER-2025-000972,Victoria Manning,victoria.manning@company.com,2022-05-21
USER-2025-000973,Debra Mendez,debra.mendez@company.com,2022-03-11
USER-2025-000974,David Gilmore,david.gilmore@company.com,2016-09-20
USER-2025-000975,Katherine Hicks,katherine.hicks@company.com,2018-04-30
USER-2025-000976,Nicole Lawrence,nicole.lawrence@company.com,2016-02-19
USER-2025-000977,Jodi Valentine,jodi.valentine@company.com,2018-12-29
USER-2025-000978,Katie Johnson,katie.johnson@company.com,2021-01-04
USER-2025-000979,Chase Gonzales,chase.gonzales@company.com,2018-06-06
USER-2025-000980,Albert Banks,albert.banks@company.com,2017-12-25
USER-2025-000981,Lisa Brandt,lisa.brandt@company.com,2019-06-25
USER-2025-000982,William Palmer,william.palmer@company.com,2021-12-02
USER-2025-000983,Cindy Holt,cindy.holt@company.com,2022-03-14
USER-2025-000984,Kevin Walker,kevin.walker@company.com,2019-03-16
USER-2025-000985,Lisa Freeman,lisa.freeman@company.com,2024-11-18
USER-2025-000986,Betty Reeves,betty.reeves@company.com,2022-02-26
USER-2025-000987,Amber Peck,amber.peck@company.com,2020-05-03
USER-2025-000988,Dan Dillon,dan.dillon@company.com,2018-08-12
USER-2025-000989,Kenneth Bender,kenneth.bender@company.com,2022-02-27
USER-2025-000990,Laura Peterson,laura.peterson@company.com,2016-06-04
USER-2025-000991,Richard Mayer,richard.mayer@company.com,2018-05-07
USER-2025-000992,Charles Morris,charles.morris@company.com,2024-07-03
USER-2025-000993,Dennis Lewis,dennis.lewis@company.com,2019-11-08
USER-2025-000994,Jeffrey Brown,jeffrey.brown@company.com,2025-03-25
USER-2025-000995,Adam Gibbs,adam.gibbs@company.com,2021-09-29
USER-2025-000996,Cassandra Brown,cassandra.brown@company.com,2020-10-30
USER-2025-000997,Joseph Nolan,joseph.nolan@company.com,2023-06-15
USER-2025-000998,Dawn Hodge,dawn.hodge@company.com,2023-08-30
USER-2025-000999,Samantha Davis,samantha.davis@company.com,2019-05-27
USER-2025-001000,Mary Lewis,mary.lewis@company.com,2021-09-17
